{"cameraMode":{"drawMode":0,"name":"Shaded","section":"Shading Mode"},"sceneLighting":false,"audioPlay":false,"sceneViewState":{"m_AlwaysRefresh":false,"showFog":true,"showSkybox":false,"showFlares":true,"showImageEffects":true,"showParticleSystems":true,"showVisualEffectGraphs":true,"m_FxEnabled":true},"in2DMode":false,"pivot":{"x":-3.8921213150024416,"y":0.09649736434221268,"z":-1.202520489692688},"rotation":{"x":0.12954315543174745,"y":-0.6151006817817688,"z":0.10337138921022415,"w":0.7708348631858826},"size":3.575446605682373,"orthographic":false}