{"cameraMode":{"drawMode":0,"name":"Shaded","section":"Shading Mode"},"sceneLighting":true,"audioPlay":false,"sceneViewState":{"m_AlwaysRefresh":false,"showFog":true,"showSkybox":true,"showFlares":true,"showImageEffects":true,"showParticleSystems":true,"showVisualEffectGraphs":true,"m_FxEnabled":true},"in2DMode":false,"pivot":{"x":4.124104022979736,"y":7.334636211395264,"z":-17.375436782836915},"rotation":{"x":0.22566565871238709,"y":-0.05549724027514458,"z":0.012861814349889756,"w":0.9725508093833923},"size":1.2826545238494874,"orthographic":false}