{"cameraMode":{"drawMode":0,"name":"Shaded","section":"Shading Mode"},"sceneLighting":false,"audioPlay":false,"sceneViewState":{"m_AlwaysRefresh":false,"showFog":true,"showSkybox":false,"showFlares":true,"showImageEffects":true,"showParticleSystems":true,"showVisualEffectGraphs":true,"m_FxEnabled":true},"in2DMode":false,"pivot":{"x":0.9394912123680115,"y":1.3004350662231446,"z":0.4224257469177246},"rotation":{"x":-0.05510181561112404,"y":-0.11506617814302445,"z":-0.006393730640411377,"w":0.9918109178543091},"size":1.310660719871521,"orthographic":false}