{"cameraMode":{"drawMode":0,"name":"Shaded","section":"Shading Mode"},"sceneLighting":true,"audioPlay":false,"sceneViewState":{"m_AlwaysRefresh":false,"showFog":true,"showSkybox":true,"showFlares":true,"showImageEffects":true,"showParticleSystems":true,"showVisualEffectGraphs":true,"m_FxEnabled":true},"in2DMode":false,"pivot":{"x":26.236766815185548,"y":-12.402515411376954,"z":-5.689171314239502},"rotation":{"x":-0.25198885798454287,"y":-0.5001741051673889,"z":0.15498167276382447,"w":-0.8138977885246277},"size":21.374956130981447,"orthographic":false}