{"cameraMode":{"drawMode":0,"name":"Shaded","section":"Shading Mode"},"sceneLighting":false,"audioPlay":false,"sceneViewState":{"m_AlwaysRefresh":false,"showFog":true,"showSkybox":false,"showFlares":true,"showImageEffects":true,"showParticleSystems":true,"showVisualEffectGraphs":true,"m_FxEnabled":true},"in2DMode":false,"pivot":{"x":0.08156049996614456,"y":0.4452715516090393,"z":0.38373780250549319},"rotation":{"x":0.2542555332183838,"y":0.04784880578517914,"z":-0.01260207686573267,"w":0.9658825397491455},"size":0.8810744285583496,"orthographic":false}